Marca,Modelo,Fallo,Solucion,Fecha
Samsung,S20,Conector de carga,Cambiar el conector de carga,2025-11-11 19:35:28
Samsung,A10,Pantalla rota,Reparar la pantalla,2025-11-11 20:13:52
Apple,iPhone 8,Batería,Cambio de bateria,2025-11-11 20:30:10
Samsung,S20,Pantalla rota,Reemplezar la pantalla,2025-12-08 23:29:28
Xiaomi,Redmi 9C,Pantalla rota,Reemplazar la bateria,2025-12-08 23:31:44
Apple,iPhone 8,Conector de carga,Reeplazar la placa de carga,2025-12-08 23:36:51
Apple,iPhone 8,Pantalla rota,Cambiar la pantalla,2025-12-08 23:38:29
Xiaomi,Redmi 12C,Pantalla rota,Reemplazar pantalla,2025-12-08 23:39:50
Apple,Iphone 7,Batería,Cambiar bateria,2025-12-08 23:41:17
Apple,Iphone 7,Conector de carga,Cambiar el conector de carga,2025-12-08 23:42:15
Samsung,A10,Pantalla rota,Cambiar pantalla,2025-12-01 10:15:00
Apple,iPhone 11,Batería,Reemplazar batería,2025-12-02 14:30:00
Xiaomi,Mi 10,No enciende,Revisar conexión de alimentación,2025-12-03 09:45:00
Motorola,Moto G8,Conector de carga,Soldar conector,2025-12-04 11:20:00
Samsung,S20,No enciende,Reiniciar y actualizar software,2025-12-05 16:50:00
Apple,iPhone X,Pantalla rota,Cambiar pantalla,2025-12-06 12:10:00
Xiaomi,Redmi Note 9,Batería,Reemplazar batería,2025-12-07 08:35:00
Motorola,Edge,Pantalla rota,Cambiar pantalla,2025-12-08 13:05:00
Sony,Xperia 5,Batería no carga,Revisión completa,2023-04-22 20:23:00
Huawei,Y7,No enciende,Cambio de batería,2024-02-26 08:34:00
Xiaomi,Redmi 10,No enciende,Limpieza de puerto,2023-10-19 16:00:00
Apple,iPhone 8,Cámara falla,Cambio de pantalla,2023-08-09 14:32:00
Xiaomi,Mi 10,No reconoce SIM,Reparación de placa,2024-10-01 14:32:00
Sony,Xperia 5,Batería no carga,Limpieza de puerto,2024-08-05 07:58:00
Samsung,A20,Batería no carga,Revisión completa,2024-09-24 12:51:00
Samsung,S20,No enciende,Cambio de flex,2024-02-13 12:36:00
Samsung,A30,Cámara falla,Reemplazo de módulo,2024-07-30 09:22:00
Motorola,Moto G9,Batería no carga,Cambio de pantalla,2024-01-09 05:38:00
Huawei,P30,No vibra,Soldadura puntual,2024-10-19 20:53:00
Samsung,S20,WiFi no funciona,Revisión completa,2023-03-05 07:31:00
Motorola,Moto E6,Cámara falla,Reparación de placa,2024-10-31 06:51:00
Sony,Xperia 1,Pantalla rota,Cambio de batería,2024-09-13 16:38:00
Huawei,P20,No reconoce SIM,Cambio de pantalla,2023-11-25 23:00:00
Motorola,Moto G30,Se reinicia solo,Cambio de pantalla,2024-11-21 06:58:00
Nokia,3.2,No vibra,Actualización de software,2024-07-08 05:16:00
Xiaomi,Mi 11,No reconoce SIM,Revisión completa,2023-06-02 19:04:00
Huawei,P30,Se calienta,Reparación de placa,2024-04-16 17:39:00
Huawei,P20,Batería no carga,Cambio de batería,2023-09-11 16:23:00
Apple,iPhone 13,Batería no carga,Soldadura puntual,2023-04-06 02:32:00
Samsung,A30,Pantalla rota,Actualización de software,2024-01-06 23:41:00
Huawei,P20,No vibra,Reparación de placa,2024-06-06 21:20:00
Samsung,A20,No enciende,Limpieza de puerto,2024-07-29 22:47:00
Apple,iPhone 11,Pantalla rota,Cambio de batería,2024-07-24 00:51:00
Xiaomi,Redmi 9,Cámara falla,Limpieza de puerto,2023-12-23 12:42:00
Apple,iPhone 14,Batería no carga,Actualización de software,2024-10-16 11:45:00
Huawei,P20,No vibra,Reemplazo de módulo,2024-11-04 22:48:00
Apple,iPhone 12,Se calienta,Soldadura puntual,2024-06-26 14:14:00
Sony,Xperia 5,Pantalla rota,Limpieza de puerto,2024-06-10 15:34:00
Nokia,3.2,Pantalla rota,Reparación de placa,2023-10-24 13:26:00
Apple,iPhone X,Pantalla rota,Cambio de pantalla,2023-04-09 12:43:00
Samsung,M12,Sonido bajo,Limpieza de puerto,2024-10-09 18:29:00
Oppo,A15,Se reinicia solo,Revisión completa,2023-11-24 21:42:00
Sony,Xperia 1,Pantalla rota,Cambio de batería,2023-09-13 20:57:00
Samsung,A30,Se reinicia solo,Revisión completa,2023-12-08 21:04:00
Apple,iPhone X,Pantalla rota,Revisión completa,2024-07-20 15:55:00
Oppo,A15,Batería no carga,Cambio de flex,2024-02-04 12:12:00
Sony,Xperia L3,No enciende,Reemplazo de módulo,2024-01-04 13:44:00
Nokia,3.2,Cámara falla,Reemplazo de módulo,2023-12-03 13:25:00
Huawei,P30,Pantalla rota,Cambio de pantalla,2024-08-29 07:40:00
Motorola,Moto G7,Se reinicia solo,Soldadura puntual,2024-02-05 21:42:00
Motorola,Moto G9,No reconoce SIM,Cambio de flex,2024-05-12 21:46:00
Xiaomi,Poco M4,WiFi no funciona,Actualización de software,2023-04-02 17:39:00
Samsung,M12,No vibra,Limpieza de puerto,2024-05-28 21:04:00
Oppo,Reno 6,Batería no carga,Cambio de pantalla,2023-08-05 07:02:00
Xiaomi,Poco M4,No vibra,Limpieza de puerto,2023-02-13 18:33:00
Huawei,P20,Pantalla rota,Reemplazo de módulo,2024-04-11 15:52:00
Xiaomi,Redmi 10,Se reinicia solo,Reparación de placa,2024-03-30 15:03:00
Apple,iPhone 8,No enciende,Revisión completa,2024-07-05 16:30:00
Sony,Xperia 5,Se reinicia solo,Cambio de flex,2023-12-05 10:11:00
Apple,iPhone 8,WiFi no funciona,Limpieza de puerto,2024-02-26 21:35:00
Xiaomi,Poco M4,No enciende,Revisión completa,2024-11-19 16:20:00
Motorola,Moto G30,No vibra,Actualización de software,2023-05-09 22:39:00
Xiaomi,Redmi 9,Cámara falla,Cambio de batería,2024-07-20 15:17:00
Sony,Xperia 10,No vibra,Cambio de batería,2024-10-17 14:14:00
Xiaomi,Poco X3,Sonido bajo,Limpieza de puerto,2024-09-28 13:17:00
Sony,Xperia L3,No reconoce SIM,Actualización de software,2024-04-14 01:48:00
Nokia,3.2,Sonido bajo,Reparación de placa,2023-03-31 14:59:00
Xiaomi,Redmi 10,No reconoce SIM,Cambio de batería,2024-06-05 21:33:00
Samsung,A20,Sonido bajo,Revisión completa,2023-03-27 14:47:00
Samsung,S20,Batería no carga,Reemplazo de módulo,2024-07-15 20:41:00
Huawei,P20,Se calienta,Cambio de batería,2024-07-22 16:00:00
Sony,Xperia L3,No enciende,Reparación de placa,2024-02-13 08:21:00
Apple,iPhone X,No enciende,Actualización de software,2024-01-09 06:42:00
Apple,iPhone 14,Batería no carga,Actualización de software,2023-01-14 06:21:00
Oppo,A54,No reconoce SIM,Cambio de batería,2024-05-09 15:22:00
Apple,iPhone X,WiFi no funciona,Cambio de flex,2023-04-21 02:03:00
Motorola,Moto E6,No enciende,Reemplazo de módulo,2023-02-05 17:03:00
Xiaomi,Poco M4,No enciende,Revisión completa,2023-10-30 12:36:00
Motorola,Moto G7,No vibra,Actualización de software,2023-09-25 10:37:00
Samsung,A10,Batería no carga,Cambio de pantalla,2024-10-04 12:19:00
Motorola,Moto G7,Batería no carga,Revisión completa,2023-07-03 12:22:00
Sony,Xperia 1,No vibra,Actualización de software,2024-06-14 23:54:00
Apple,iPhone 8,No vibra,Reparación de placa,2024-09-24 15:08:00
Motorola,Moto G30,WiFi no funciona,Actualización de software,2024-09-25 21:46:00
Sony,Xperia 10,Se calienta,Reemplazo de módulo,2023-01-22 14:47:00
Sony,Xperia 1,Se reinicia solo,Reparación de placa,2023-01-27 07:54:00
Apple,iPhone 11,Pantalla rota,Limpieza de puerto,2024-02-05 18:40:00
Apple,iPhone 12,No enciende,Reparación de placa,2023-06-23 18:21:00
Sony,Xperia 1,No reconoce SIM,Cambio de flex,2023-10-10 21:34:00
Nokia,6.1,Sonido bajo,Cambio de batería,2024-11-22 01:32:00
Apple,iPhone 12,No vibra,Limpieza de puerto,2024-06-21 05:49:00
Xiaomi,Poco M4,Se calienta,Actualización de software,2023-02-04 04:19:00
Nokia,3.2,Se reinicia solo,Revisión completa,2023-01-23 09:01:00
Samsung,M12,No reconoce SIM,Cambio de pantalla,2024-07-21 01:23:00
Apple,iPhone 12,Batería no carga,Soldadura puntual,2024-07-22 08:48:00
Sony,Xperia 10,No vibra,Cambio de pantalla,2023-07-25 09:10:00
Huawei,P30,Pantalla rota,Limpieza de puerto,2023-09-08 15:00:00
Sony,Xperia 1,No enciende,Revisión completa,2024-10-24 20:38:00
Nokia,6.1,Se reinicia solo,Soldadura puntual,2023-11-11 22:54:00
Sony,Xperia 1,No reconoce SIM,Actualización de software,2023-03-27 23:53:00
Xiaomi,Redmi 9,Pantalla rota,Cambio de batería,2024-10-25 10:46:00
Huawei,P40,No vibra,Limpieza de puerto,2024-03-11 17:32:00
Xiaomi,Redmi 10,No enciende,Limpieza de puerto,2023-03-21 01:05:00
Oppo,Reno 6,WiFi no funciona,Reparación de placa,2023-04-20 19:42:00
Xiaomi,Poco M4,Batería no carga,Soldadura puntual,2024-06-28 15:24:00
Sony,Xperia 1,No vibra,Cambio de flex,2024-07-06 04:20:00
Nokia,5.3,Se calienta,Limpieza de puerto,2023-01-22 07:47:00
Apple,iPhone 14,Cámara falla,Cambio de flex,2023-01-27 10:24:00
Sony,Xperia 10,No vibra,Limpieza de puerto,2023-03-21 21:37:00
Samsung,A10,Se reinicia solo,Cambio de flex,2023-02-27 11:38:00
Huawei,P20,No enciende,Cambio de flex,2024-03-17 22:33:00
Huawei,P30,Se reinicia solo,Cambio de pantalla,2023-07-13 23:43:00
Motorola,Moto G30,No enciende,Revisión completa,2024-05-14 13:11:00
Oppo,Reno 6,Sonido bajo,Limpieza de puerto,2023-11-29 13:53:00
Motorola,Moto G8,WiFi no funciona,Cambio de pantalla,2024-05-21 10:21:00
Oppo,Reno 6,WiFi no funciona,Cambio de flex,2023-01-21 01:14:00
Huawei,P20,Se reinicia solo,Cambio de pantalla,2023-08-09 23:31:00
Nokia,7.2,Cámara falla,Soldadura puntual,2023-04-11 23:05:00
Motorola,Moto G30,Se calienta,Actualización de software,2023-11-23 17:01:00
Oppo,Reno 5,No vibra,Limpieza de puerto,2023-08-19 20:30:00
Samsung,S22,Se calienta,Reemplazo de módulo,2023-07-02 04:22:00
Samsung,J7,Batería no carga,Reemplazo de módulo,2023-11-01 23:08:00
Nokia,6.1,Sonido bajo,Cambio de pantalla,2024-11-09 12:13:00
Samsung,M12,Sonido bajo,Revisión completa,2024-08-19 16:48:00
Samsung,A30,Sonido bajo,Reparación de placa,2023-02-26 21:32:00
Huawei,P30,Cámara falla,Soldadura puntual,2024-11-30 03:44:00
Motorola,Moto G30,Se reinicia solo,Reemplazo de módulo,2023-07-15 02:20:00
Huawei,Y9,Se reinicia solo,Reparación de placa,2024-08-31 13:51:00
Sony,Xperia 10,No reconoce SIM,Limpieza de puerto,2024-02-18 21:27:00
Apple,iPhone 14,Cámara falla,Cambio de flex,2023-04-01 19:33:00
Samsung,S22,No reconoce SIM,Soldadura puntual,2024-11-04 09:49:00
Nokia,7.2,Sonido bajo,Reemplazo de módulo,2024-04-21 23:57:00
Sony,Xperia 1,Cámara falla,Cambio de pantalla,2023-07-19 17:05:00
Apple,iPhone X,No reconoce SIM,Cambio de batería,2024-04-12 16:48:00
Sony,Xperia 5,No reconoce SIM,Reemplazo de módulo,2023-12-25 08:35:00
Xiaomi,Mi 10,Batería no carga,Cambio de pantalla,2023-03-11 09:09:00
Sony,Xperia L3,Se reinicia solo,Limpieza de puerto,2024-08-11 05:25:00
Sony,Xperia L3,Se reinicia solo,Revisión completa,2024-05-14 00:20:00
Oppo,A57,WiFi no funciona,Reparación de placa,2024-07-21 23:46:00
Oppo,Reno 5,No enciende,Revisión completa,2024-04-29 22:14:00
Motorola,Moto G30,Sonido bajo,Revisión completa,2023-09-22 07:44:00
Samsung,A30,WiFi no funciona,Reemplazo de módulo,2024-11-13 17:04:00
Samsung,J7,No enciende,Cambio de batería,2023-12-24 21:43:00
Sony,Xperia 1,Se reinicia solo,Actualización de software,2023-05-11 04:31:00
Xiaomi,Poco X3,Sonido bajo,Cambio de flex,2024-10-08 11:27:00
Motorola,Moto G7,Sonido bajo,Revisión completa,2024-06-26 06:56:00
Motorola,Moto G7,Sonido bajo,Limpieza de puerto,2024-01-01 18:15:00
Samsung,S21,Sonido bajo,Revisión completa,2023-04-26 08:33:00
Xiaomi,Redmi 10,No enciende,Soldadura puntual,2023-03-16 14:40:00
Apple,iPhone 12,Sonido bajo,Cambio de batería,2024-01-08 23:49:00
Apple,iPhone X,WiFi no funciona,Revisión completa,2024-01-03 10:35:00
Nokia,2.1,No reconoce SIM,Revisión completa,2023-05-31 09:33:00
Motorola,Moto G7,Sonido bajo,Revisión completa,2023-10-10 14:44:00
Oppo,A15,No reconoce SIM,Revisión completa,2023-04-24 00:22:00
Apple,iPhone 12,Se calienta,Cambio de flex,2023-12-18 18:00:00
Huawei,Y9,No vibra,Reparación de placa,2023-10-14 06:07:00
Oppo,Reno 5,Pantalla rota,Cambio de pantalla,2024-08-21 14:26:00
Huawei,P20,Se calienta,Limpieza de puerto,2023-09-27 15:14:00
Xiaomi,Redmi 9,WiFi no funciona,Reparación de placa,2024-03-18 12:56:00
Sony,Xperia L3,Batería no carga,Cambio de batería,2023-09-26 18:04:00
Sony,Xperia 5,Cámara falla,Limpieza de puerto,2024-06-18 10:42:00
Samsung,J7,Se reinicia solo,Cambio de batería,2024-06-14 13:09:00
Xiaomi,Mi 11,Se calienta,Limpieza de puerto,2023-04-28 00:45:00
Samsung,J7,Batería no carga,Revisión completa,2024-02-13 15:57:00
Nokia,3.2,No vibra,Reemplazo de módulo,2023-03-05 11:03:00
Xiaomi,Mi 11,Batería no carga,Reemplazo de módulo,2024-03-31 19:10:00
Xiaomi,Mi 11,Se reinicia solo,Reemplazo de módulo,2024-06-12 06:09:00
Samsung,A20,No vibra,Reemplazo de módulo,2024-10-17 01:04:00
Apple,iPhone X,No vibra,Reemplazo de módulo,2024-06-30 21:18:00
Xiaomi,Poco X3,No enciende,Soldadura puntual,2023-08-04 18:01:00
Huawei,P30,No enciende,Cambio de pantalla,2023-12-29 02:31:00
Sony,Xperia 1,Sonido bajo,Cambio de flex,2023-12-16 19:43:00
Xiaomi,Redmi 10,Batería no carga,Revisión completa,2023-10-02 23:11:00
Nokia,5.3,Batería no carga,Cambio de batería,2023-06-14 11:04:00
Motorola,Moto G7,No reconoce SIM,Limpieza de puerto,2023-02-14 19:08:00
Apple,iPhone 14,No vibra,Limpieza de puerto,2024-07-26 06:09:00
Xiaomi,Redmi 10,Se calienta,Reparación de placa,2023-11-24 16:09:00
Motorola,Moto G7,No vibra,Limpieza de puerto,2024-09-29 03:46:00
Apple,iPhone 12,WiFi no funciona,Cambio de batería,2023-03-02 06:06:00
Xiaomi,Poco M4,Se reinicia solo,Cambio de flex,2023-02-09 15:14:00
Oppo,A54,Se reinicia solo,Limpieza de puerto,2024-07-04 16:34:00
Xiaomi,Poco X3,No reconoce SIM,Cambio de batería,2023-03-13 11:39:00
Sony,Xperia 10,Pantalla rota,Cambio de flex,2023-12-05 23:20:00
Nokia,3.2,No reconoce SIM,Cambio de batería,2023-08-27 03:14:00
Huawei,P30,No reconoce SIM,Cambio de flex,2024-06-28 02:42:00
Sony,Xperia 1,Pantalla rota,Soldadura puntual,2024-08-19 21:35:00
Samsung,M12,WiFi no funciona,Actualización de software,2023-01-30 13:23:00
Apple,iPhone X,No reconoce SIM,Revisión completa,2023-05-15 09:48:00
Motorola,Moto G7,No vibra,Revisión completa,2024-11-28 08:41:00
Huawei,Y9,Batería no carga,Revisión completa,2024-09-06 21:51:00
Oppo,A15,Se calienta,Actualización de software,2024-11-22 02:31:00
Apple,iPhone 13,No reconoce SIM,Soldadura puntual,2023-03-15 11:37:00
Sony,Xperia 10,Se calienta,Soldadura puntual,2023-05-14 11:43:00
Sony,Xperia 5,WiFi no funciona,Actualización de software,2024-11-23 06:39:00
Samsung,S22,Batería no carga,Actualización de software,2023-03-23 06:29:00
Xiaomi,Redmi 10,WiFi no funciona,Reparación de placa,2024-10-10 16:57:00
Apple,iPhone 14,No enciende,Reparación de placa,2024-03-06 20:13:00
Sony,Xperia L3,Sonido bajo,Cambio de pantalla,2024-02-12 05:20:00
Sony,Xperia 1,No reconoce SIM,Cambio de pantalla,2023-04-09 21:13:00
Oppo,Reno 6,Batería no carga,Revisión completa,2023-03-04 02:02:00
Apple,iPhone X,Se calienta,Cambio de batería,2024-05-27 09:27:00
Xiaomi,Mi 10,No enciende,Cambio de pantalla,2023-07-20 02:22:00
Apple,iPhone X,WiFi no funciona,Cambio de pantalla,2023-10-12 13:18:00
Motorola,Moto G8,Pantalla rota,Soldadura puntual,2023-10-11 01:58:00
Sony,Xperia L3,Batería no carga,Cambio de pantalla,2023-06-24 08:51:00
Nokia,5.3,Cámara falla,Revisión completa,2023-06-21 02:45:00
Oppo,Reno 5,Sonido bajo,Soldadura puntual,2024-03-07 19:03:00
Xiaomi,Redmi 10,Cámara falla,Actualización de software,2023-08-27 18:01:00
Samsung,A30,Se calienta,Cambio de pantalla,2023-10-12 10:32:00
Huawei,P40,Se calienta,Cambio de pantalla,2023-05-22 20:00:00
Oppo,Reno 5,Cámara falla,Actualización de software,2023-12-12 10:22:00
Samsung,A10,No vibra,Reparación de placa,2024-05-31 10:29:00
Xiaomi,Poco M4,No vibra,Limpieza de puerto,2024-08-25 00:03:00
Huawei,P40,No reconoce SIM,Soldadura puntual,2024-06-12 18:12:00
Apple,iPhone 13,No vibra,Cambio de pantalla,2023-03-17 05:01:00
Xiaomi,Poco X3,No reconoce SIM,Reparación de placa,2023-12-06 17:59:00
Apple,iPhone 11,Sonido bajo,Reparación de placa,2024-09-02 08:03:00
Sony,Xperia L3,Se reinicia solo,Reparación de placa,2024-02-21 02:47:00
Motorola,Moto G9,Pantalla rota,Reparación de placa,2023-09-24 05:04:00
Xiaomi,Mi 11,Batería no carga,Reemplazo de módulo,2023-09-19 18:36:00
Huawei,P40,Cámara falla,Actualización de software,2024-11-20 09:45:00
Apple,iPhone 8,No enciende,Cambio de batería,2024-01-13 19:04:00
Samsung,S21,Cámara falla,Cambio de batería,2024-08-04 03:50:00
Sony,Xperia 5,No enciende,Cambio de flex,2023-12-12 01:15:00
Samsung,S22,No enciende,Limpieza de puerto,2023-07-24 06:44:00
Samsung,J7,WiFi no funciona,Reemplazo de módulo,2024-07-21 00:13:00
Xiaomi,Redmi 9,Cámara falla,Limpieza de puerto,2023-04-11 20:50:00
Oppo,Reno 6,No reconoce SIM,Revisión completa,2023-09-14 09:44:00
Apple,iPhone 12,No enciende,Cambio de flex,2023-10-28 20:02:00
Samsung,S22,Batería no carga,Soldadura puntual,2024-03-10 20:50:00
Motorola,Moto G8,Sonido bajo,Limpieza de puerto,2023-07-17 12:21:00
Xiaomi,Poco M4,Batería no carga,Revisión completa,2023-06-21 20:41:00
Samsung,S21,Sonido bajo,Actualización de software,2023-07-11 04:07:00
Sony,Xperia 1,Batería no carga,Actualización de software,2024-10-22 07:26:00
Sony,Xperia 10,Sonido bajo,Reemplazo de módulo,2023-04-18 05:27:00
Nokia,7.2,Cámara falla,Cambio de flex,2023-06-03 11:28:00
Sony,Xperia L3,Sonido bajo,Soldadura puntual,2023-03-27 19:03:00
Xiaomi,Redmi 10,No reconoce SIM,Cambio de flex,2024-01-16 16:54:00
Sony,Xperia 1,Se reinicia solo,Reemplazo de módulo,2023-07-18 01:45:00
Sony,Xperia L3,Cámara falla,Reparación de placa,2023-03-31 10:38:00
Apple,iPhone X,Se reinicia solo,Cambio de pantalla,2023-11-15 16:59:00
Motorola,Moto E6,Batería no carga,Reparación de placa,2024-05-20 17:45:00
Motorola,Moto E6,WiFi no funciona,Soldadura puntual,2023-03-28 15:31:00
Oppo,Reno 6,Se reinicia solo,Reemplazo de módulo,2023-11-14 03:25:00
Xiaomi,Poco M4,Sonido bajo,Cambio de batería,2024-03-01 19:20:00
Samsung,S21,Batería no carga,Reparación de placa,2024-09-19 00:43:00
Motorola,Moto E6,Se calienta,Cambio de pantalla,2024-05-26 09:04:00
Xiaomi,Redmi 10,Se reinicia solo,Reparación de placa,2023-10-25 10:30:00
Xiaomi,Poco M4,Sonido bajo,Soldadura puntual,2023-06-14 09:43:00
Sony,Xperia 5,Se calienta,Soldadura puntual,2023-09-05 03:22:00
Apple,iPhone 12,Sonido bajo,Revisión completa,2023-04-30 22:03:00
Xiaomi,Mi 10,Se reinicia solo,Soldadura puntual,2023-02-03 06:55:00
Oppo,A57,Pantalla rota,Reparación de placa,2024-04-08 16:45:00
Xiaomi,Mi 11,No enciende,Reparación de placa,2023-06-20 05:44:00
Huawei,Y9,Sonido bajo,Soldadura puntual,2024-01-07 18:36:00
Sony,Xperia 5,Batería no carga,Reparación de placa,2023-04-11 16:42:00
Huawei,P20,No reconoce SIM,Soldadura puntual,2023-04-18 18:39:00
Huawei,P20,Se calienta,Soldadura puntual,2024-06-22 02:37:00
Oppo,Reno 5,Cámara falla,Soldadura puntual,2024-04-30 21:09:00
Samsung,S20,Cámara falla,Actualización de software,2024-07-11 00:58:00
Oppo,Reno 6,Batería no carga,Revisión completa,2024-06-24 14:38:00
Sony,Xperia L3,No reconoce SIM,Cambio de pantalla,2023-08-13 05:04:00
Nokia,6.1,No reconoce SIM,Actualización de software,2023-07-21 23:30:00
Oppo,Reno 5,No enciende,Reemplazo de módulo,2023-03-01 10:48:00
Xiaomi,Poco M4,WiFi no funciona,Revisión completa,2024-03-23 12:59:00
Sony,Xperia 1,WiFi no funciona,Revisión completa,2024-10-20 09:29:00
Nokia,6.1,Pantalla rota,Soldadura puntual,2024-08-30 11:36:00
Sony,Xperia 5,Batería no carga,Cambio de batería,2024-02-09 14:53:00
Samsung,A30,No reconoce SIM,Soldadura puntual,2023-01-21 03:21:00
Motorola,Moto G7,Se calienta,Actualización de software,2023-01-25 22:56:00
Huawei,P20,Batería no carga,Soldadura puntual,2024-02-05 18:29:00
Motorola,Moto G7,Sonido bajo,Reemplazo de módulo,2024-06-16 07:08:00
Nokia,3.2,WiFi no funciona,Cambio de pantalla,2023-06-24 23:57:00
Samsung,J7,Cámara falla,Soldadura puntual,2024-10-09 06:33:00
Motorola,Moto G30,No enciende,Cambio de batería,2023-12-28 14:05:00
Nokia,3.2,Pantalla rota,Revisión completa,2023-11-07 07:18:00
Oppo,Reno 6,Batería no carga,Cambio de flex,2023-05-15 02:25:00
Motorola,Moto G8,No vibra,Actualización de software,2023-01-16 23:37:00
Oppo,Reno 5,Batería no carga,Cambio de pantalla,2023-09-22 15:21:00
Sony,Xperia L3,Pantalla rota,Cambio de flex,2024-06-29 20:57:00
Apple,iPhone 8,Se reinicia solo,Cambio de pantalla,2023-01-24 12:49:00
Huawei,P20,Pantalla rota,Actualización de software,2024-08-18 09:39:00
Motorola,Moto G9,WiFi no funciona,Cambio de pantalla,2023-11-28 16:41:00
Oppo,Reno 6,Batería no carga,Reparación de placa,2023-01-03 16:33:00
Huawei,P30,Batería no carga,Actualización de software,2024-04-03 01:58:00
Samsung,A10,WiFi no funciona,Reparación de placa,2024-07-22 13:02:00
Samsung,S20,Cámara falla,Cambio de pantalla,2023-01-29 02:52:00
Nokia,2.1,No reconoce SIM,Soldadura puntual,2023-03-22 11:49:00
Xiaomi,Poco X3,Sonido bajo,Cambio de batería,2023-10-01 09:48:00
Xiaomi,Poco M4,WiFi no funciona,Revisión completa,2023-07-20 11:40:00
Xiaomi,Redmi 10,Cámara falla,Cambio de pantalla,2024-01-06 17:57:00
Motorola,Moto G30,Se calienta,Cambio de batería,2024-08-10 09:55:00
Oppo,Reno 6,Se reinicia solo,Soldadura puntual,2023-07-02 08:53:00
Samsung,J7,No vibra,Reparación de placa,2024-06-10 10:45:00
Sony,Xperia 10,Cámara falla,Actualización de software,2023-05-09 17:19:00
Huawei,Y9,Se reinicia solo,Reparación de placa,2023-05-08 23:10:00
Xiaomi,Mi 11,No reconoce SIM,Reparación de placa,2023-12-23 05:15:00
Huawei,Y7,Batería no carga,Actualización de software,2024-11-24 18:17:00
Huawei,Y9,Batería no carga,Reparación de placa,2023-12-06 15:38:00
Nokia,7.2,WiFi no funciona,Soldadura puntual,2024-06-13 22:14:00
Huawei,Y7,No vibra,Cambio de pantalla,2023-10-01 06:44:00
Nokia,6.1,Pantalla rota,Revisión completa,2023-01-09 07:49:00
Apple,iPhone 14,Se calienta,Revisión completa,2024-03-14 10:24:00
Nokia,6.1,Pantalla rota,Actualización de software,2024-01-31 12:39:00
Sony,Xperia 5,No vibra,Limpieza de puerto,2024-04-18 17:49:00
Sony,Xperia 5,No enciende,Cambio de pantalla,2024-09-20 07:42:00
Apple,iPhone X,Se calienta,Reemplazo de módulo,2024-01-09 02:48:00
Xiaomi,Poco X3,Batería no carga,Soldadura puntual,2024-10-31 04:43:00
Motorola,Moto E6,Sonido bajo,Soldadura puntual,2023-10-15 11:50:00
Sony,Xperia L3,Sonido bajo,Limpieza de puerto,2023-05-16 14:38:00
Sony,Xperia 5,No enciende,Cambio de flex,2023-03-28 19:44:00
Nokia,6.1,Sonido bajo,Cambio de batería,2023-08-13 13:53:00
Sony,Xperia 10,Sonido bajo,Revisión completa,2023-02-28 09:22:00
Motorola,Moto G7,No reconoce SIM,Actualización de software,2024-06-04 00:09:00
Xiaomi,Poco X3,Cámara falla,Reemplazo de módulo,2024-08-25 15:53:00
Apple,iPhone 8,Pantalla rota,Reparación de placa,2024-05-20 09:53:00
Samsung,A30,Sonido bajo,Reemplazo de módulo,2023-02-01 14:03:00
Oppo,A54,Se reinicia solo,Soldadura puntual,2023-10-18 18:50:00
Sony,Xperia 1,Cámara falla,Actualización de software,2024-11-30 13:49:00
Nokia,2.1,Sonido bajo,Reparación de placa,2024-03-06 16:10:00
Huawei,P40,Se reinicia solo,Limpieza de puerto,2024-06-25 00:16:00
Xiaomi,Poco M4,WiFi no funciona,Limpieza de puerto,2023-11-26 02:39:00
Motorola,Moto E6,Sonido bajo,Reparación de placa,2024-03-15 06:54:00
Sony,Xperia 5,Batería no carga,Revisión completa,2023-02-03 12:57:00
Sony,Xperia 5,Se reinicia solo,Revisión completa,2024-06-13 12:52:00
Sony,Xperia 5,Pantalla rota,Reparación de placa,2024-03-11 13:54:00
Sony,Xperia 10,Cámara falla,Revisión completa,2023-02-22 03:45:00
Huawei,P20,No reconoce SIM,Reparación de placa,2023-08-17 23:22:00
Apple,iPhone X,No vibra,Limpieza de puerto,2024-02-03 21:29:00
Apple,iPhone X,No vibra,Reemplazo de módulo,2024-08-04 02:29:00
Xiaomi,Mi 11,No reconoce SIM,Reemplazo de módulo,2024-10-07 07:32:00
Huawei,P40,Batería no carga,Actualización de software,2023-04-20 04:00:00
Huawei,Y7,Se calienta,Cambio de flex,2023-12-15 18:35:00
Huawei,P20,Se reinicia solo,Cambio de pantalla,2023-03-11 14:26:00
Apple,iPhone 8,WiFi no funciona,Actualización de software,2024-05-26 08:10:00
Nokia,3.2,No enciende,Soldadura puntual,2024-06-01 16:18:00
Samsung,A30,No enciende,Cambio de pantalla,2023-11-19 02:07:00
Motorola,Moto G8,Se calienta,Cambio de batería,2023-12-28 20:03:00
Samsung,A20,Cámara falla,Reparación de placa,2023-09-12 21:33:00
Motorola,Moto G9,No vibra,Revisión completa,2023-01-23 00:03:00
Nokia,2.1,Batería no carga,Revisión completa,2023-08-20 07:31:00
Apple,iPhone 13,No vibra,Cambio de batería,2023-02-28 00:39:00
Motorola,Moto G7,No enciende,Revisión completa,2023-12-29 00:36:00
Samsung,A10,Batería no carga,Actualización de software,2023-04-02 00:53:00
Motorola,Moto G9,Batería no carga,Soldadura puntual,2024-09-21 01:09:00
Xiaomi,Poco X3,No reconoce SIM,Reparación de placa,2023-09-02 05:58:00
Samsung,A10,No reconoce SIM,Cambio de batería,2024-01-05 22:05:00
Huawei,P20,No vibra,Reemplazo de módulo,2024-04-16 08:13:00
Samsung,S20,Cámara falla,Cambio de batería,2024-10-07 19:21:00
Oppo,Reno 5,Se reinicia solo,Soldadura puntual,2024-02-21 15:51:00
Samsung,A20,Se reinicia solo,Actualización de software,2024-02-26 23:55:00
Nokia,5.3,Cámara falla,Actualización de software,2024-02-05 22:48:00
Oppo,A54,Cámara falla,Reparación de placa,2023-07-24 12:08:00
Sony,Xperia 10,Sonido bajo,Cambio de batería,2023-11-03 14:30:00
Nokia,7.2,Batería no carga,Cambio de pantalla,2024-07-17 17:37:00
Motorola,Moto G8,Batería no carga,Revisión completa,2024-11-27 17:15:00
Sony,Xperia 5,No reconoce SIM,Soldadura puntual,2024-02-12 09:49:00
Apple,iPhone 13,Pantalla rota,Actualización de software,2023-05-22 19:43:00
Nokia,5.3,No enciende,Actualización de software,2023-06-06 07:28:00
Nokia,7.2,WiFi no funciona,Revisión completa,2024-01-24 01:33:00
Oppo,A54,Cámara falla,Actualización de software,2024-09-07 08:43:00
Apple,iPhone 13,Sonido bajo,Actualización de software,2024-08-14 15:27:00
Sony,Xperia 5,Cámara falla,Revisión completa,2024-03-26 17:58:00
Samsung,J7,No vibra,Cambio de flex,2023-01-12 20:52:00
Sony,Xperia 5,No enciende,Reemplazo de módulo,2024-06-10 11:16:00
Samsung,S20,Sonido bajo,Reemplazo de módulo,2023-01-26 23:51:00
Motorola,Moto G8,Se reinicia solo,Cambio de pantalla,2023-09-27 02:14:00
Xiaomi,Mi 11,Pantalla rota,Cambio de pantalla,2024-09-12 19:16:00
Samsung,A10,Cámara falla,Reparación de placa,2024-02-06 20:00:00
Xiaomi,Poco X3,Se reinicia solo,Actualización de software,2024-09-15 14:02:00
Samsung,A20,No enciende,Limpieza de puerto,2024-11-01 01:00:00
Apple,iPhone 8,No reconoce SIM,Revisión completa,2024-03-11 09:47:00
Apple,iPhone 12,Se calienta,Soldadura puntual,2024-09-18 04:23:00
Sony,Xperia L3,No vibra,Soldadura puntual,2023-12-16 22:03:00
Samsung,A10,Se reinicia solo,Reemplazo de módulo,2023-10-15 19:17:00
Nokia,6.1,Batería no carga,Revisión completa,2024-02-01 17:49:00
Nokia,6.1,Se reinicia solo,Cambio de batería,2023-04-16 03:52:00
Xiaomi,Poco M4,WiFi no funciona,Actualización de software,2023-04-24 02:19:00
Huawei,P30,No vibra,Reemplazo de módulo,2024-11-29 03:28:00
Sony,Xperia L3,Se reinicia solo,Reparación de placa,2023-08-26 07:13:00
Huawei,P20,No enciende,Limpieza de puerto,2023-01-03 22:15:00
Samsung,A20,No enciende,Reemplazo de módulo,2023-11-29 18:54:00
Sony,Xperia 10,Se reinicia solo,Cambio de batería,2024-11-10 01:34:00
Xiaomi,Mi 11,Batería no carga,Cambio de pantalla,2023-12-18 19:05:00
Motorola,Moto G7,Sonido bajo,Soldadura puntual,2023-05-07 03:18:00
Oppo,A15,Batería no carga,Cambio de pantalla,2024-09-23 13:27:00
Samsung,S21,WiFi no funciona,Reparación de placa,2023-09-06 20:10:00
Apple,iPhone 13,Se reinicia solo,Cambio de batería,2023-02-07 14:21:00
Huawei,P40,Pantalla rota,Cambio de batería,2023-02-07 23:51:00
Motorola,Moto G7,Cámara falla,Reparación de placa,2024-07-20 04:03:00
Motorola,Moto E6,No reconoce SIM,Cambio de flex,2024-03-13 03:44:00
Sony,Xperia L3,No vibra,Limpieza de puerto,2024-06-25 09:10:00
Sony,Xperia 1,Se reinicia solo,Revisión completa,2023-04-14 00:50:00
Motorola,Moto G7,Batería no carga,Cambio de batería,2023-12-14 02:08:00
Oppo,A54,Se reinicia solo,Soldadura puntual,2023-09-23 10:55:00
Nokia,2.1,Sonido bajo,Reemplazo de módulo,2024-02-09 03:40:00
Oppo,Reno 6,Cámara falla,Cambio de batería,2023-10-22 13:20:00
Apple,iPhone 14,Cámara falla,Cambio de batería,2024-09-18 23:44:00
Sony,Xperia 1,Pantalla rota,Reemplazo de módulo,2023-01-28 05:23:00
Sony,Xperia 1,Se reinicia solo,Cambio de batería,2024-08-10 01:50:00
Sony,Xperia L3,Se calienta,Reemplazo de módulo,2024-12-01 08:29:00
Sony,Xperia 5,Pantalla rota,Revisión completa,2024-10-23 02:15:00
Motorola,Moto E6,No reconoce SIM,Cambio de batería,2024-03-18 22:19:00
Samsung,M12,No reconoce SIM,Limpieza de puerto,2023-02-08 23:52:00
Motorola,Moto G7,Sonido bajo,Cambio de pantalla,2023-12-23 01:23:00
Oppo,A15,Se reinicia solo,Reemplazo de módulo,2024-08-16 23:54:00
Huawei,P20,No vibra,Cambio de pantalla,2023-01-21 16:16:00
Nokia,7.2,Sonido bajo,Limpieza de puerto,2023-07-16 08:34:00
Oppo,A15,Pantalla rota,Soldadura puntual,2024-01-25 19:50:00
Nokia,3.2,Sonido bajo,Reparación de placa,2023-09-09 17:02:00
Oppo,Reno 5,WiFi no funciona,Soldadura puntual,2024-02-01 14:32:00
Apple,iPhone 11,No vibra,Limpieza de puerto,2024-03-05 15:07:00
Oppo,A57,Se calienta,Soldadura puntual,2024-11-11 12:04:00
Motorola,Moto E6,No enciende,Limpieza de puerto,2023-02-04 07:55:00
Xiaomi,Redmi 9,Batería no carga,Revisión completa,2023-06-16 02:29:00
Xiaomi,Redmi 9,Se calienta,Limpieza de puerto,2024-03-07 21:51:00
Samsung,S21,Se reinicia solo,Cambio de flex,2023-01-18 14:05:00
Xiaomi,Redmi 9,Se calienta,Cambio de pantalla,2024-09-29 07:09:00
Xiaomi,Mi 10,Sonido bajo,Reemplazo de módulo,2024-06-20 15:06:00
Xiaomi,Poco M4,Sonido bajo,Reemplazo de módulo,2024-08-29 01:20:00
Oppo,A15,Pantalla rota,Soldadura puntual,2023-08-18 09:02:00
Motorola,Moto G8,No enciende,Cambio de flex,2024-07-26 03:09:00
Apple,iPhone X,No enciende,Cambio de flex,2023-10-16 03:26:00
Oppo,Reno 5,No enciende,Cambio de flex,2023-08-29 17:53:00
Motorola,Moto G30,Se reinicia solo,Actualización de software,2024-03-04 01:52:00
Nokia,6.1,Se reinicia solo,Reparación de placa,2024-10-21 16:16:00
Motorola,Moto G7,Se calienta,Soldadura puntual,2023-07-17 03:04:00
Motorola,Moto G7,No reconoce SIM,Cambio de batería,2024-05-28 08:47:00
Apple,iPhone 12,Pantalla rota,Limpieza de puerto,2023-12-28 03:32:00
Samsung,S20,Se calienta,Cambio de flex,2024-01-03 07:25:00
Motorola,Moto G7,Cámara falla,Cambio de pantalla,2023-04-01 06:36:00
Sony,Xperia 5,Se calienta,Reemplazo de módulo,2023-01-31 22:17:00
Apple,iPhone 11,Pantalla rota,Soldadura puntual,2023-01-02 11:45:00
Oppo,A57,No vibra,Reparación de placa,2024-08-18 10:06:00
Huawei,Y9,Se reinicia solo,Cambio de flex,2023-04-02 07:14:00
Nokia,5.3,No vibra,Reemplazo de módulo,2023-12-16 23:41:00
Samsung,S21,Cámara falla,Actualización de software,2023-05-11 10:35:00
Xiaomi,Mi 10,Pantalla rota,Actualización de software,2023-03-08 02:25:00
Motorola,Moto G7,No vibra,Reemplazo de módulo,2024-01-20 22:02:00
Xiaomi,Poco X3,No reconoce SIM,Revisión completa,2024-03-29 22:54:00
Motorola,Moto G30,Batería no carga,Cambio de flex,2024-03-01 00:51:00
Huawei,P20,No reconoce SIM,Reparación de placa,2023-09-17 21:57:00
Motorola,Moto G30,Se reinicia solo,Limpieza de puerto,2023-04-17 02:57:00
Samsung,A20,Cámara falla,Cambio de flex,2023-12-18 14:31:00
Apple,iPhone 13,No enciende,Revisión completa,2023-12-01 10:57:00
Huawei,Y9,Se calienta,Revisión completa,2023-10-03 05:45:00
Oppo,A54,Batería no carga,Reparación de placa,2024-06-10 20:07:00
Oppo,A54,Pantalla rota,Cambio de batería,2024-01-07 22:53:00
Nokia,3.2,Se calienta,Reemplazo de módulo,2023-12-24 13:20:00
Motorola,Moto G30,No enciende,Cambio de pantalla,2023-06-23 05:29:00
Samsung,A30,Se reinicia solo,Soldadura puntual,2023-06-08 18:18:00
Sony,Xperia L3,Cámara falla,Actualización de software,2024-01-16 14:50:00
Xiaomi,Redmi 9,Se reinicia solo,Actualización de software,2023-11-02 03:36:00
Motorola,Moto G30,Batería no carga,Cambio de batería,2023-08-11 13:37:00
Oppo,Reno 6,Se calienta,Reparación de placa,2024-10-07 04:41:00
Nokia,5.3,WiFi no funciona,Cambio de pantalla,2024-03-17 19:18:00
Xiaomi,Redmi 10,Se reinicia solo,Cambio de flex,2023-08-12 09:47:00
Samsung,S21,Sonido bajo,Reemplazo de módulo,2024-04-03 10:14:00
Xiaomi,Mi 11,Sonido bajo,Actualización de software,2024-10-26 22:20:00
Oppo,A15,WiFi no funciona,Soldadura puntual,2023-05-08 23:51:00
Samsung,S21,No reconoce SIM,Reemplazo de módulo,2024-04-29 11:45:00
Xiaomi,Mi 10,No enciende,Reemplazo de módulo,2023-04-04 11:09:00
Sony,Xperia 5,Sonido bajo,Cambio de pantalla,2023-01-03 23:22:00
Oppo,A54,Cámara falla,Limpieza de puerto,2024-02-01 05:39:00
Oppo,Reno 6,Se calienta,Soldadura puntual,2023-10-06 04:04:00
Xiaomi,Poco X3,No vibra,Limpieza de puerto,2024-03-04 13:29:00
Sony,Xperia L3,Pantalla rota,Soldadura puntual,2024-03-08 20:18:00
Xiaomi,Redmi 9,Batería no carga,Revisión completa,2023-02-23 16:40:00
Sony,Xperia 1,No vibra,Actualización de software,2024-03-30 01:50:00
Huawei,P40,Se reinicia solo,Reemplazo de módulo,2023-06-18 13:54:00
Huawei,P30,Pantalla rota,Cambio de pantalla,2023-05-16 04:27:00
Huawei,Y7,Batería no carga,Revisión completa,2023-09-09 10:58:00
Sony,Xperia 1,Se calienta,Soldadura puntual,2024-02-14 21:50:00
Xiaomi,Redmi 9,Sonido bajo,Limpieza de puerto,2024-11-22 01:15:00
Sony,Xperia 1,Se calienta,Reparación de placa,2024-11-10 21:52:00
Sony,Xperia 10,No vibra,Limpieza de puerto,2024-11-17 21:34:00
Xiaomi,Poco X3,Cámara falla,Cambio de pantalla,2024-07-19 02:52:00
Motorola,Moto G9,Cámara falla,Cambio de pantalla,2023-04-20 14:08:00
Sony,Xperia L3,WiFi no funciona,Limpieza de puerto,2023-05-29 14:23:00
Motorola,Moto G8,Se calienta,Revisión completa,2024-09-11 07:53:00
Samsung,S20,Pantalla rota,Revisión completa,2024-01-07 03:39:00
Sony,Xperia 10,WiFi no funciona,Limpieza de puerto,2024-07-25 19:38:00
Sony,Xperia 1,Pantalla rota,Cambio de batería,2024-07-16 20:41:00
Huawei,Y7,Batería no carga,Revisión completa,2023-05-06 01:31:00
Motorola,Moto G30,No enciende,Reparación de placa,2024-03-05 10:22:00
Apple,iPhone 12,No enciende,Actualización de software,2023-07-11 00:19:00
Nokia,7.2,WiFi no funciona,Reemplazo de módulo,2023-01-23 01:26:00
Motorola,Moto G7,Cámara falla,Revisión completa,2024-06-15 01:32:00
Xiaomi,Mi 10,Pantalla rota,Revisión completa,2023-05-17 12:25:00
Oppo,A57,No vibra,Soldadura puntual,2024-09-20 19:07:00
Xiaomi,Mi 10,Batería no carga,Limpieza de puerto,2024-04-27 00:31:00
Huawei,P20,No vibra,Cambio de batería,2023-12-04 10:46:00
Motorola,Moto E6,No vibra,Soldadura puntual,2024-09-21 04:45:00
Nokia,3.2,Batería no carga,Soldadura puntual,2023-11-26 10:50:00
Xiaomi,Redmi 9,WiFi no funciona,Cambio de pantalla,2024-03-13 09:38:00
Xiaomi,Redmi 9,No reconoce SIM,Cambio de batería,2023-10-13 01:58:00
Huawei,P30,Se reinicia solo,Soldadura puntual,2023-04-27 00:29:00
Samsung,A20,No enciende,Actualización de software,2024-06-26 08:01:00
Sony,Xperia 1,Pantalla rota,Revisión completa,2023-06-28 23:00:00
Huawei,Y9,Se reinicia solo,Limpieza de puerto,2024-10-15 07:51:00
Huawei,Y9,Cámara falla,Reparación de placa,2024-01-16 12:54:00
Motorola,Moto E6,Batería no carga,Reparación de placa,2024-05-16 19:27:00
Huawei,P20,No reconoce SIM,Cambio de pantalla,2023-08-03 06:19:00
Apple,iPhone 11,Sonido bajo,Cambio de batería,2023-03-19 16:42:00
Apple,iPhone 14,Se reinicia solo,Cambio de pantalla,2024-05-15 12:14:00
Motorola,Moto G7,Sonido bajo,Soldadura puntual,2024-05-11 14:45:00
Nokia,6.1,Pantalla rota,Cambio de batería,2023-11-13 04:49:00
Nokia,7.2,No vibra,Reemplazo de módulo,2023-10-24 00:37:00
Sony,Xperia 1,Se calienta,Actualización de software,2024-07-20 19:57:00
Motorola,Moto G7,Se calienta,Cambio de flex,2023-03-16 08:23:00
Apple,iPhone 12,Batería no carga,Cambio de pantalla,2024-08-19 11:43:00
Samsung,S20,Se reinicia solo,Soldadura puntual,2024-05-10 18:13:00
Apple,iPhone X,No enciende,Limpieza de puerto,2024-07-07 00:13:00
Samsung,S21,Pantalla rota,Cambio de pantalla,2024-11-03 18:26:00
Motorola,Moto G9,Cámara falla,Limpieza de puerto,2024-09-13 00:27:00
Apple,iPhone 8,Sonido bajo,Soldadura puntual,2023-01-21 20:06:00
Huawei,Y9,Cámara falla,Limpieza de puerto,2023-05-21 13:20:00
Oppo,A57,Se reinicia solo,Actualización de software,2024-10-31 00:00:00
Huawei,Y9,Sonido bajo,Cambio de pantalla,2023-12-15 07:36:00
Samsung,A20,WiFi no funciona,Soldadura puntual,2023-03-05 14:31:00
Apple,iPhone 12,Sonido bajo,Reemplazo de módulo,2023-11-05 08:29:00
Oppo,A15,Se calienta,Cambio de pantalla,2024-10-31 11:33:00
Huawei,Y7,Pantalla rota,Revisión completa,2023-09-05 16:36:00
Nokia,3.2,Sonido bajo,Revisión completa,2024-01-07 10:28:00
Apple,iPhone 13,Se calienta,Reparación de placa,2023-10-23 18:31:00
Oppo,A54,No vibra,Revisión completa,2024-04-08 11:30:00
Oppo,A57,Sonido bajo,Reemplazo de módulo,2023-01-12 16:39:00
Nokia,6.1,Se calienta,Soldadura puntual,2023-11-10 21:26:00
Xiaomi,Poco X3,No vibra,Actualización de software,2024-07-26 11:56:00
Xiaomi,Redmi 10,Sonido bajo,Actualización de software,2024-04-30 04:49:00
Apple,iPhone 14,No enciende,Cambio de flex,2023-04-12 06:33:00
Huawei,P20,Batería no carga,Revisión completa,2023-11-03 17:52:00
Motorola,Moto G7,WiFi no funciona,Actualización de software,2023-12-21 01:36:00
Apple,iPhone 14,No vibra,Revisión completa,2024-05-23 23:42:00
Oppo,A57,Cámara falla,Actualización de software,2024-04-16 19:09:00
Oppo,A54,No reconoce SIM,Soldadura puntual,2023-03-09 22:53:00
Oppo,A57,Pantalla rota,Cambio de batería,2024-01-25 05:40:00
Apple,iPhone 12,Se calienta,Revisión completa,2023-08-21 18:24:00
Apple,iPhone 8,Se reinicia solo,Soldadura puntual,2023-10-29 06:28:00
Motorola,Moto G30,Batería no carga,Cambio de flex,2023-09-04 01:33:00
Oppo,Reno 6,Se reinicia solo,Revisión completa,2023-04-07 15:07:00
Nokia,3.2,No reconoce SIM,Cambio de pantalla,2023-08-01 11:30:00
Huawei,P40,Se calienta,Actualización de software,2023-07-08 00:54:00
Apple,iPhone 13,Batería no carga,Reparación de placa,2024-06-25 15:47:00
Motorola,Moto G8,Sonido bajo,Cambio de batería,2023-05-04 21:19:00
Nokia,3.2,No vibra,Actualización de software,2023-07-27 18:08:00
Nokia,5.3,No reconoce SIM,Reparación de placa,2024-10-21 03:59:00
Motorola,Moto E6,No reconoce SIM,Soldadura puntual,2023-03-08 00:43:00
Samsung,A20,Se reinicia solo,Revisión completa,2023-03-11 05:56:00
Samsung,A10,No enciende,Cambio de batería,2024-02-02 08:37:00
Huawei,P20,Batería no carga,Cambio de batería,2024-01-31 22:13:00
Apple,iPhone 13,WiFi no funciona,Soldadura puntual,2024-10-05 22:15:00
Huawei,P20,Sonido bajo,Reparación de placa,2023-12-20 23:51:00
Nokia,6.1,No enciende,Limpieza de puerto,2024-10-22 00:48:00
Apple,iPhone 14,No vibra,Revisión completa,2024-01-16 05:27:00
Nokia,7.2,No reconoce SIM,Cambio de batería,2024-09-15 23:31:00
Sony,Xperia 1,WiFi no funciona,Cambio de batería,2023-12-30 02:57:00
Apple,iPhone 13,WiFi no funciona,Reparación de placa,2023-10-19 23:22:00
Oppo,A57,Sonido bajo,Cambio de flex,2024-06-30 03:28:00
Apple,iPhone 12,WiFi no funciona,Reemplazo de módulo,2024-05-24 18:24:00
Motorola,Moto G8,Se reinicia solo,Limpieza de puerto,2024-09-25 00:23:00
Motorola,Moto G9,WiFi no funciona,Revisión completa,2024-09-03 16:40:00
Xiaomi,Poco M4,Batería no carga,Cambio de batería,2024-08-06 20:46:00
Samsung,M12,Sonido bajo,Reemplazo de módulo,2023-04-13 20:09:00
Sony,Xperia L3,Batería no carga,Reemplazo de módulo,2023-01-13 10:15:00
Xiaomi,Redmi 10,No reconoce SIM,Cambio de batería,2023-10-13 10:49:00
Samsung,A10,Batería no carga,Cambio de pantalla,2023-02-04 12:17:00
Nokia,6.1,Se reinicia solo,Reemplazo de módulo,2024-08-06 09:28:00
Motorola,Moto E6,No vibra,Cambio de flex,2024-08-15 18:29:00
Samsung,S22,Sonido bajo,Cambio de batería,2024-11-05 00:56:00
Xiaomi,Redmi 10,WiFi no funciona,Limpieza de puerto,2023-12-12 01:30:00
Oppo,A54,Pantalla rota,Cambio de flex,2024-10-28 01:28:00
Huawei,P20,Batería no carga,Actualización de software,2023-04-27 08:13:00
Apple,iPhone 11,Se calienta,Limpieza de puerto,2023-12-26 23:14:00
Motorola,Moto G7,Se calienta,Cambio de batería,2023-05-18 10:56:00
Motorola,Moto G7,WiFi no funciona,Limpieza de puerto,2023-01-21 20:07:00
Apple,iPhone 12,Sonido bajo,Cambio de batería,2023-06-10 09:05:00
Sony,Xperia 10,Batería no carga,Revisión completa,2023-10-13 14:17:00
Apple,iPhone 14,Pantalla rota,Soldadura puntual,2023-04-10 08:46:00
Samsung,S22,Se reinicia solo,Actualización de software,2024-07-14 13:45:00
Samsung,S20,No enciende,Reemplazo de módulo,2024-06-12 23:28:00
Huawei,Y7,No enciende,Soldadura puntual,2023-05-04 22:40:00
Sony,Xperia 10,Se reinicia solo,Limpieza de puerto,2024-09-18 17:50:00
Oppo,Reno 6,Se reinicia solo,Reemplazo de módulo,2024-01-20 02:16:00
Huawei,P40,No reconoce SIM,Revisión completa,2023-07-19 14:38:00
Samsung,A20,Pantalla rota,Reemplazo de módulo,2023-11-21 12:09:00
Nokia,5.3,No enciende,Reemplazo de módulo,2023-03-31 01:33:00
Samsung,A30,Se calienta,Reparación de placa,2023-10-08 05:43:00
Huawei,P30,No reconoce SIM,Actualización de software,2024-03-20 06:44:00
Samsung,J7,No reconoce SIM,Cambio de batería,2023-11-20 20:08:00
Huawei,Y7,Pantalla rota,Soldadura puntual,2024-10-10 06:51:00
Samsung,S20,Batería no carga,Soldadura puntual,2023-07-24 19:47:00
Motorola,Moto E6,No reconoce SIM,Actualización de software,2024-02-10 00:39:00
Xiaomi,Poco X3,Cámara falla,Limpieza de puerto,2023-01-06 00:50:00
Xiaomi,Poco M4,Batería no carga,Cambio de batería,2024-04-15 12:34:00
Nokia,5.3,Cámara falla,Limpieza de puerto,2023-10-27 07:54:00
Apple,iPhone 12,Cámara falla,Reemplazo de módulo,2024-05-18 23:39:00
Xiaomi,Poco M4,Pantalla rota,Actualización de software,2024-03-30 20:55:00
Apple,iPhone 14,No enciende,Reparación de placa,2024-10-24 11:44:00
Apple,iPhone 14,Batería no carga,Reemplazo de módulo,2023-02-28 16:44:00
Apple,iPhone 11,Cámara falla,Actualización de software,2024-05-15 05:39:00
Samsung,J7,Pantalla rota,Cambio de pantalla,2023-11-27 05:45:00
Oppo,A54,No reconoce SIM,Soldadura puntual,2024-06-19 07:52:00
Nokia,5.3,No reconoce SIM,Soldadura puntual,2023-10-17 14:58:00
Xiaomi,Redmi 10,Se reinicia solo,Reparación de placa,2024-01-22 07:59:00
Samsung,S22,WiFi no funciona,Soldadura puntual,2023-04-05 04:39:00
Nokia,7.2,No vibra,Cambio de pantalla,2023-01-29 19:44:00
Sony,Xperia 10,No reconoce SIM,Limpieza de puerto,2024-07-03 03:39:00
Apple,iPhone 12,No vibra,Cambio de pantalla,2024-10-21 22:44:00
Nokia,5.3,Pantalla rota,Actualización de software,2024-05-30 18:32:00
Nokia,5.3,Cámara falla,Reparación de placa,2024-04-15 18:39:00
Oppo,A57,Se calienta,Soldadura puntual,2024-10-10 01:08:00
Apple,iPhone 14,WiFi no funciona,Cambio de batería,2023-10-03 21:14:00
Apple,iPhone 8,No reconoce SIM,Reemplazo de módulo,2023-11-12 10:18:00
Motorola,Moto E6,Batería no carga,Reparación de placa,2023-05-29 18:42:00
Sony,Xperia 5,Se reinicia solo,Cambio de batería,2023-11-29 06:21:00
Apple,iPhone 12,Se calienta,Cambio de pantalla,2023-05-05 21:35:00
Xiaomi,Poco M4,No reconoce SIM,Cambio de pantalla,2024-01-24 07:36:00
Oppo,Reno 6,No enciende,Cambio de flex,2024-08-20 15:02:00
Sony,Xperia L3,Se reinicia solo,Cambio de batería,2024-03-26 01:27:00
Nokia,2.1,WiFi no funciona,Reemplazo de módulo,2023-09-07 05:40:00
Huawei,Y7,Se reinicia solo,Revisión completa,2024-01-03 16:38:00
Huawei,P30,No reconoce SIM,Reemplazo de módulo,2023-06-20 11:14:00
Huawei,P20,Se calienta,Actualización de software,2023-03-31 15:55:00
Samsung,M12,WiFi no funciona,Reparación de placa,2023-01-23 15:50:00
Oppo,A57,No reconoce SIM,Soldadura puntual,2023-02-03 03:38:00
Motorola,Moto G7,No vibra,Revisión completa,2024-11-14 02:15:00
Motorola,Moto G9,Sonido bajo,Actualización de software,2024-01-21 14:22:00
Oppo,A57,Cámara falla,Actualización de software,2024-04-23 12:51:00
Huawei,P20,Pantalla rota,Cambio de flex,2023-04-21 01:01:00
Apple,iPhone 13,Pantalla rota,Limpieza de puerto,2023-10-14 10:50:00
Apple,iPhone 14,Cámara falla,Cambio de batería,2023-03-10 04:19:00
Samsung,J7,Pantalla rota,Cambio de flex,2023-10-11 03:10:00
Samsung,S20,Cámara falla,Cambio de flex,2023-07-25 03:29:00
Motorola,Moto G30,Se reinicia solo,Reparación de placa,2023-05-03 10:55:00
Oppo,Reno 6,No enciende,Actualización de software,2023-04-10 23:14:00
Nokia,7.2,Cámara falla,Reparación de placa,2023-10-12 21:30:00
Samsung,A20,No enciende,Revisión completa,2024-06-22 22:32:00
Huawei,P30,Se calienta,Limpieza de puerto,2023-03-07 06:32:00
Nokia,6.1,No enciende,Cambio de pantalla,2023-02-05 00:19:00
Nokia,2.1,No vibra,Cambio de flex,2023-05-18 04:39:00
Xiaomi,Mi 10,WiFi no funciona,Cambio de batería,2023-12-05 10:26:00
Xiaomi,Poco X3,No reconoce SIM,Cambio de pantalla,2024-02-25 07:48:00
Oppo,A15,Batería no carga,Soldadura puntual,2023-01-19 10:30:00
Sony,Xperia 5,WiFi no funciona,Reemplazo de módulo,2023-03-16 02:39:00
Huawei,P20,No enciende,Reemplazo de módulo,2023-02-10 05:42:00
Samsung,S20,No enciende,Limpieza de puerto,2024-09-25 19:57:00
Apple,iPhone X,Se calienta,Cambio de pantalla,2023-02-04 18:21:00
Oppo,A54,Batería no carga,Cambio de flex,2024-03-20 10:20:00
Sony,Xperia 1,Batería no carga,Soldadura puntual,2023-07-03 18:58:00
Motorola,Moto G9,Se calienta,Cambio de pantalla,2023-06-18 14:38:00
Sony,Xperia 5,Se reinicia solo,Soldadura puntual,2024-09-30 17:22:00
Sony,Xperia 5,Sonido bajo,Limpieza de puerto,2024-03-11 05:47:00
Sony,Xperia 5,No vibra,Cambio de flex,2023-06-24 22:05:00
Huawei,P20,No enciende,Actualización de software,2024-09-26 07:43:00
Xiaomi,Poco M4,Se calienta,Actualización de software,2023-06-14 11:00:00
Apple,iPhone 14,Se reinicia solo,Limpieza de puerto,2024-02-25 03:10:00
Xiaomi,Mi 10,Sonido bajo,Limpieza de puerto,2023-10-11 11:02:00
Apple,iPhone 14,Se calienta,Revisión completa,2024-06-04 18:27:00
Nokia,7.2,Batería no carga,Actualización de software,2023-03-19 21:31:00
Samsung,J7,WiFi no funciona,Reparación de placa,2023-05-15 01:14:00
Apple,iPhone 13,Se reinicia solo,Limpieza de puerto,2023-06-21 21:43:00
Nokia,5.3,WiFi no funciona,Reemplazo de módulo,2024-01-23 12:26:00
Apple,iPhone 14,No vibra,Cambio de pantalla,2023-06-17 00:18:00
Sony,Xperia L3,No vibra,Limpieza de puerto,2024-04-11 02:37:00
Sony,Xperia 10,No vibra,Cambio de pantalla,2024-09-17 21:28:00
Motorola,Moto G9,Cámara falla,Soldadura puntual,2023-06-20 22:16:00
Motorola,Moto E6,Pantalla rota,Cambio de pantalla,2023-10-10 03:38:00
Sony,Xperia 10,No enciende,Reemplazo de módulo,2024-05-15 03:35:00
Huawei,Y7,Pantalla rota,Cambio de batería,2024-10-08 00:07:00
Xiaomi,Poco M4,Cámara falla,Revisión completa,2024-04-05 18:32:00
Huawei,P30,Cámara falla,Reemplazo de módulo,2023-07-27 11:04:00
Apple,iPhone 11,No reconoce SIM,Reemplazo de módulo,2024-06-24 23:25:00
Samsung,A20,WiFi no funciona,Cambio de flex,2023-08-10 18:40:00
Samsung,M12,WiFi no funciona,Cambio de pantalla,2023-11-06 21:34:00
Huawei,P30,Pantalla rota,Cambio de pantalla,2023-11-02 14:36:00
Xiaomi,Redmi 10,Cámara falla,Cambio de flex,2024-09-30 07:49:00
Motorola,Moto E6,WiFi no funciona,Reparación de placa,2024-03-12 18:27:00
Nokia,5.3,Cámara falla,Revisión completa,2024-10-17 19:34:00
Xiaomi,Mi 11,Se calienta,Cambio de batería,2023-06-26 14:03:00
Samsung,A30,Cámara falla,Cambio de flex,2024-08-06 07:31:00
Huawei,P20,No vibra,Limpieza de puerto,2023-08-09 23:01:00
Apple,iPhone 12,No reconoce SIM,Actualización de software,2023-01-29 13:45:00
Nokia,2.1,Pantalla rota,Soldadura puntual,2023-05-03 05:37:00
Motorola,Moto G9,No enciende,Reparación de placa,2023-06-09 03:00:00
Xiaomi,Poco M4,Batería no carga,Actualización de software,2023-08-26 18:27:00
Xiaomi,Poco M4,Se reinicia solo,Cambio de batería,2023-09-19 00:30:00
Apple,iPhone 8,No reconoce SIM,Cambio de flex,2023-05-22 01:55:00
Xiaomi,Redmi 9,Se calienta,Cambio de flex,2023-12-24 06:43:00
Oppo,Reno 6,Se reinicia solo,Cambio de pantalla,2023-11-10 23:03:00
Apple,iPhone 12,Se reinicia solo,Limpieza de puerto,2023-10-22 10:35:00
Huawei,Y9,Batería no carga,Reparación de placa,2023-07-30 07:18:00
Samsung,J7,Pantalla rota,Cambio de pantalla,2023-10-24 06:51:00
Huawei,Y7,No vibra,Cambio de pantalla,2023-05-05 15:09:00
Huawei,P20,Pantalla rota,Soldadura puntual,2023-09-08 04:53:00
Sony,Xperia 1,Batería no carga,Limpieza de puerto,2024-04-03 10:08:00
Huawei,P40,Se reinicia solo,Soldadura puntual,2023-04-20 07:41:00
Samsung,S20,Sonido bajo,Cambio de batería,2024-10-10 15:29:00
Nokia,3.2,Cámara falla,Actualización de software,2024-01-31 07:30:00
Apple,iPhone 11,Se reinicia solo,Cambio de pantalla,2023-08-23 13:44:00
Nokia,3.2,No vibra,Limpieza de puerto,2024-09-04 14:28:00
Apple,iPhone 14,Cámara falla,Reemplazo de módulo,2023-02-07 20:28:00
Sony,Xperia 1,WiFi no funciona,Revisión completa,2024-09-17 10:22:00
Xiaomi,Redmi 9,No reconoce SIM,Reparación de placa,2024-08-28 12:40:00
Apple,iPhone 14,Cámara falla,Reparación de placa,2023-06-12 07:31:00
Huawei,Y7,WiFi no funciona,Cambio de flex,2024-07-23 23:10:00
Oppo,A54,Se reinicia solo,Revisión completa,2024-08-14 00:03:00
Nokia,3.2,No enciende,Reparación de placa,2023-09-29 11:38:00
Apple,iPhone 11,Batería no carga,Reparación de placa,2024-07-27 16:19:00
Huawei,Y9,Se calienta,Cambio de pantalla,2023-08-10 11:21:00
Motorola,Moto G7,Batería no carga,Cambio de pantalla,2023-05-07 16:23:00
Sony,Xperia 5,Se reinicia solo,Cambio de pantalla,2024-05-22 07:38:00
Nokia,5.3,Se reinicia solo,Limpieza de puerto,2023-11-28 22:25:00
Huawei,P30,Se calienta,Soldadura puntual,2023-09-01 05:35:00
Xiaomi,Redmi 9,No enciende,Reemplazo de módulo,2024-11-24 21:41:00
Oppo,A54,Se reinicia solo,Cambio de flex,2024-05-07 11:07:00
Nokia,2.1,Cámara falla,Reparación de placa,2024-04-03 23:19:00
Oppo,A54,No vibra,Reemplazo de módulo,2023-01-16 03:51:00
Xiaomi,Poco X3,WiFi no funciona,Reemplazo de módulo,2024-09-06 20:41:00
Xiaomi,Poco M4,Pantalla rota,Cambio de pantalla,2023-02-10 13:24:00
Huawei,P20,No enciende,Reemplazo de módulo,2024-10-27 13:49:00
Nokia,7.2,Se calienta,Cambio de pantalla,2024-03-06 04:42:00
Huawei,P20,Pantalla rota,Revisión completa,2024-09-05 06:40:00
Xiaomi,Redmi 10,No vibra,Reparación de placa,2023-10-09 18:15:00
Nokia,2.1,Cámara falla,Reemplazo de módulo,2023-07-23 01:06:00
Samsung,S22,No vibra,Reparación de placa,2024-11-27 07:10:00
Oppo,A57,No enciende,Revisión completa,2023-01-24 08:53:00
Huawei,P20,No reconoce SIM,Limpieza de puerto,2023-08-29 23:11:00
Apple,iPhone 11,No vibra,Reparación de placa,2024-07-05 23:39:00
Sony,Xperia L3,Pantalla rota,Revisión completa,2023-01-17 18:34:00
Xiaomi,Mi 10,WiFi no funciona,Soldadura puntual,2023-10-15 21:39:00
Motorola,Moto G7,Sonido bajo,Limpieza de puerto,2024-05-30 01:10:00
Sony,Xperia 5,Cámara falla,Revisión completa,2023-05-29 00:17:00
Nokia,5.3,WiFi no funciona,Reparación de placa,2024-06-18 22:38:00
Xiaomi,Mi 11,Cámara falla,Cambio de flex,2024-02-05 05:24:00
Sony,Xperia 10,Pantalla rota,Cambio de pantalla,2023-06-08 19:28:00
Samsung,S20,Batería no carga,Cambio de flex,2024-02-20 06:53:00
Oppo,A57,Se reinicia solo,Revisión completa,2023-10-14 19:44:00
Xiaomi,Mi 11,No reconoce SIM,Reparación de placa,2023-09-11 14:46:00
Xiaomi,Mi 11,Pantalla rota,Revisión completa,2024-02-10 05:05:00
Nokia,6.1,Pantalla rota,Cambio de pantalla,2024-06-23 19:28:00
Motorola,Moto G7,Pantalla rota,Limpieza de puerto,2023-08-24 21:03:00
Motorola,Moto G9,No reconoce SIM,Reemplazo de módulo,2024-09-15 14:31:00
Motorola,Moto G30,Batería no carga,Revisión completa,2024-04-23 22:03:00
Samsung,J7,Batería no carga,Limpieza de puerto,2023-07-30 00:00:00
Huawei,Y7,Se calienta,Cambio de flex,2023-09-29 02:23:00
Nokia,7.2,No enciende,Actualización de software,2023-06-27 13:13:00
Motorola,Moto G8,Se calienta,Limpieza de puerto,2024-07-07 11:32:00
Huawei,P40,Batería no carga,Cambio de flex,2023-08-20 09:28:00
Samsung,S21,Cámara falla,Actualización de software,2023-04-03 19:27:00
Huawei,P40,Pantalla rota,Limpieza de puerto,2023-10-03 19:33:00
Apple,iPhone 14,Cámara falla,Reparación de placa,2024-06-03 14:41:00
Samsung,J7,Pantalla rota,Cambio de batería,2023-06-23 16:55:00
Motorola,Moto G7,No vibra,Reparación de placa,2024-06-20 22:42:00
Huawei,Y9,Cámara falla,Reparación de placa,2023-08-20 05:25:00
Samsung,S20,Sonido bajo,Cambio de flex,2023-05-17 14:21:00
Samsung,S21,Se calienta,Revisión completa,2023-01-31 15:11:00
Oppo,A57,No vibra,Limpieza de puerto,2024-09-26 18:33:00
Sony,Xperia 10,Sonido bajo,Cambio de flex,2024-06-29 12:22:00
Oppo,A54,Batería no carga,Revisión completa,2023-03-22 13:41:00
Motorola,Moto G8,Sonido bajo,Cambio de pantalla,2023-06-28 18:04:00
Apple,iPhone X,Cámara falla,Cambio de flex,2024-05-14 22:53:00
Apple,iPhone 11,Se reinicia solo,Cambio de pantalla,2023-10-19 18:48:00
Oppo,A54,Se reinicia solo,Cambio de pantalla,2024-11-04 09:24:00
Samsung,S22,No reconoce SIM,Cambio de batería,2024-05-02 09:16:00
Motorola,Moto G8,Se calienta,Actualización de software,2023-05-17 09:00:00
Oppo,A54,No enciende,Revisión completa,2024-03-29 23:40:00
Motorola,Moto G7,Pantalla rota,Revisión completa,2024-10-15 06:01:00
Sony,Xperia L3,No enciende,Reparación de placa,2024-04-21 02:27:00
Samsung,A10,Pantalla rota,Cambio de pantalla,2024-10-11 19:22:00
Apple,iPhone 8,Sonido bajo,Cambio de pantalla,2024-08-16 09:44:00
Huawei,P20,Sonido bajo,Reemplazo de módulo,2024-11-21 07:46:00
Huawei,P30,WiFi no funciona,Cambio de pantalla,2023-06-10 04:40:00
Nokia,2.1,No enciende,Cambio de batería,2024-11-23 05:24:00
Samsung,S22,Batería no carga,Cambio de pantalla,2024-05-11 22:13:00
Xiaomi,Mi 11,Sonido bajo,Actualización de software,2023-06-01 14:29:00
Motorola,Moto G7,Se calienta,Cambio de pantalla,2024-02-17 21:08:00
Samsung,S21,Se calienta,Reparación de placa,2024-08-09 00:12:00
Apple,iPhone 12,Sonido bajo,Revisión completa,2023-08-18 21:05:00
Nokia,6.1,No reconoce SIM,Limpieza de puerto,2024-03-13 18:53:00
Oppo,Reno 5,WiFi no funciona,Cambio de batería,2024-05-19 12:59:00
Nokia,6.1,No vibra,Cambio de flex,2024-06-10 12:42:00
Samsung,A20,No reconoce SIM,Soldadura puntual,2024-02-11 19:09:00
Samsung,M12,Batería no carga,Cambio de pantalla,2023-10-31 14:20:00
Motorola,Moto E6,WiFi no funciona,Cambio de batería,2023-10-09 17:49:00
Xiaomi,Mi 11,Cámara falla,Reparación de placa,2024-09-01 14:32:00
Nokia,6.1,Batería no carga,Cambio de batería,2024-09-21 20:42:00
Huawei,Y7,WiFi no funciona,Reemplazo de módulo,2024-02-18 08:02:00
Nokia,2.1,Batería no carga,Cambio de batería,2023-09-10 20:32:00
Nokia,7.2,WiFi no funciona,Cambio de flex,2023-10-15 10:48:00
Nokia,7.2,Sonido bajo,Cambio de pantalla,2024-08-27 20:56:00
Samsung,S20,No enciende,Cambio de flex,2023-05-01 09:01:00
Nokia,3.2,Cámara falla,Cambio de flex,2023-04-25 02:29:00
Oppo,Reno 6,Pantalla rota,Soldadura puntual,2023-06-02 00:16:00
Xiaomi,Redmi 9,WiFi no funciona,Cambio de pantalla,2023-09-23 00:20:00
Sony,Xperia 1,Se reinicia solo,Limpieza de puerto,2024-03-24 22:57:00
Apple,iPhone 13,Batería no carga,Actualización de software,2024-10-15 16:07:00
Xiaomi,Mi 11,No enciende,Soldadura puntual,2024-10-09 02:41:00
Motorola,Moto G30,Pantalla rota,Limpieza de puerto,2023-09-11 18:29:00
Samsung,M12,Pantalla rota,Cambio de flex,2024-03-16 21:22:00
Nokia,2.1,No reconoce SIM,Soldadura puntual,2024-06-08 15:18:00
Apple,iPhone 12,Batería no carga,Cambio de batería,2023-03-09 20:06:00
Samsung,S20,Se reinicia solo,Cambio de pantalla,2023-05-06 03:12:00
Apple,iPhone 11,Se calienta,Limpieza de puerto,2023-04-09 07:39:00
Motorola,Moto G9,Se calienta,Limpieza de puerto,2024-11-20 19:40:00
Sony,Xperia 5,No vibra,Limpieza de puerto,2024-04-08 21:01:00
Apple,iPhone 8,No vibra,Limpieza de puerto,2023-04-19 03:24:00
Nokia,5.3,Cámara falla,Reparación de placa,2024-05-27 23:59:00
Motorola,Moto G8,Se reinicia solo,Revisión completa,2023-05-03 11:09:00
Xiaomi,Poco M4,Se calienta,Limpieza de puerto,2024-06-01 20:03:00
Nokia,3.2,No enciende,Reparación de placa,2024-06-09 13:53:00
Samsung,M12,No reconoce SIM,Cambio de batería,2023-10-01 14:12:00
Apple,iPhone 14,Pantalla rota,Reparación de placa,2024-07-04 21:51:00
Oppo,A57,Se calienta,Soldadura puntual,2024-03-25 23:07:00
Xiaomi,Poco M4,No vibra,Cambio de flex,2023-09-05 17:26:00
Nokia,6.1,WiFi no funciona,Cambio de batería,2024-03-24 05:04:00
Nokia,2.1,No reconoce SIM,Revisión completa,2023-03-08 10:08:00
Apple,iPhone 12,No enciende,Soldadura puntual,2024-01-17 14:32:00
Nokia,7.2,No vibra,Reparación de placa,2023-06-05 06:36:00
Samsung,J7,Se reinicia solo,Actualización de software,2023-11-10 06:28:00
Xiaomi,Poco X3,WiFi no funciona,Soldadura puntual,2024-06-01 12:45:00
Huawei,P40,Pantalla rota,Cambio de pantalla,2024-01-08 19:39:00
Samsung,A20,WiFi no funciona,Limpieza de puerto,2024-08-30 17:47:00
Xiaomi,Mi 11,Cámara falla,Actualización de software,2023-01-22 14:47:00
Xiaomi,Poco X3,Batería no carga,Cambio de pantalla,2023-12-17 06:53:00
Motorola,Moto G9,Sonido bajo,Reparación de placa,2023-10-28 11:20:00
Oppo,A15,No enciende,Cambio de flex,2024-06-02 18:31:00
Xiaomi,Mi 11,WiFi no funciona,Reparación de placa,2024-05-27 17:37:00
Nokia,5.3,Se reinicia solo,Revisión completa,2023-10-18 15:15:00
Huawei,Y9,Se calienta,Cambio de pantalla,2023-05-21 03:34:00
Sony,Xperia 5,No reconoce SIM,Actualización de software,2023-07-14 15:24:00
Oppo,A57,Se calienta,Reemplazo de módulo,2024-04-08 16:23:00
Sony,Xperia 10,Pantalla rota,Cambio de batería,2024-03-23 23:09:00
Motorola,Moto G9,Sonido bajo,Reemplazo de módulo,2023-06-24 02:45:00
Sony,Xperia 1,Sonido bajo,Cambio de batería,2023-12-25 10:34:00
Oppo,A15,Sonido bajo,Reemplazo de módulo,2024-06-08 08:50:00
Motorola,Moto G7,No reconoce SIM,Cambio de flex,2024-09-30 09:37:00
Huawei,Y7,No vibra,Cambio de batería,2024-01-16 12:40:00
Oppo,A57,Se reinicia solo,Reparación de placa,2024-03-15 18:02:00
Huawei,P30,Sonido bajo,Cambio de flex,2023-05-28 09:35:00
Sony,Xperia 5,Pantalla rota,Cambio de flex,2024-11-15 16:23:00
Oppo,A15,No vibra,Reparación de placa,2023-03-09 03:19:00
Oppo,A15,No enciende,Reemplazo de módulo,2023-09-26 00:23:00
Motorola,Moto G8,Pantalla rota,Reparación de placa,2023-10-02 06:33:00
Sony,Xperia 5,Se reinicia solo,Cambio de pantalla,2024-08-31 11:54:00
Motorola,Moto E6,Cámara falla,Cambio de batería,2024-07-25 09:21:00
Sony,Xperia 1,No enciende,Actualización de software,2024-08-11 17:45:00
Motorola,Moto G9,Pantalla rota,Actualización de software,2023-06-08 04:17:00
Motorola,Moto G8,No reconoce SIM,Cambio de flex,2023-04-16 22:15:00
Xiaomi,Mi 11,Pantalla rota,Actualización de software,2024-09-05 00:40:00
Xiaomi,Poco X3,Pantalla rota,Reparación de placa,2024-09-02 19:24:00
Samsung,S21,No reconoce SIM,Soldadura puntual,2024-02-14 20:37:00
Sony,Xperia 10,Se reinicia solo,Actualización de software,2023-02-16 20:27:00
Sony,Xperia 1,Pantalla rota,Cambio de flex,2024-06-20 19:54:00
Xiaomi,Mi 10,WiFi no funciona,Soldadura puntual,2024-09-08 05:01:00
Oppo,Reno 5,Se reinicia solo,Cambio de pantalla,2024-02-13 13:30:00
Samsung,S22,No vibra,Actualización de software,2023-03-07 12:14:00
Sony,Xperia 1,WiFi no funciona,Cambio de flex,2024-04-23 02:27:00
Samsung,S22,Sonido bajo,Limpieza de puerto,2023-11-03 07:58:00
Xiaomi,Mi 11,Sonido bajo,Cambio de batería,2023-07-04 16:28:00
Motorola,Moto G30,No enciende,Cambio de batería,2023-04-06 12:23:00
Sony,Xperia 1,Se reinicia solo,Cambio de batería,2023-06-21 22:48:00
Apple,iPhone 14,No reconoce SIM,Reemplazo de módulo,2024-03-29 23:04:00
Xiaomi,Poco X3,Batería no carga,Reparación de placa,2024-09-17 23:49:00
Samsung,M12,Batería no carga,Cambio de batería,2023-09-23 13:25:00
Apple,iPhone 11,Se calienta,Soldadura puntual,2024-05-10 21:10:00
Huawei,Y7,Sonido bajo,Limpieza de puerto,2024-04-02 08:05:00
Samsung,S20,WiFi no funciona,Reparación de placa,2023-08-01 15:16:00
Xiaomi,Poco X3,WiFi no funciona,Actualización de software,2024-01-15 10:24:00
Xiaomi,Poco M4,Pantalla rota,Reparación de placa,2023-02-21 00:10:00
Apple,iPhone 12,No reconoce SIM,Cambio de pantalla,2024-03-21 16:45:00
Huawei,P20,Se calienta,Reemplazo de módulo,2024-11-09 05:39:00
Oppo,Reno 6,No enciende,Actualización de software,2023-09-13 13:09:00
Xiaomi,Redmi 10,Se calienta,Revisión completa,2023-05-19 05:38:00
Apple,iPhone 12,Pantalla rota,Actualización de software,2023-07-31 16:55:00
Motorola,Moto G9,Cámara falla,Revisión completa,2023-03-20 12:22:00
Samsung,J7,No vibra,Limpieza de puerto,2024-01-29 16:12:00
Nokia,7.2,Se reinicia solo,Cambio de flex,2023-06-02 04:06:00
Oppo,Reno 6,No enciende,Cambio de flex,2023-10-31 16:56:00
Apple,iPhone 12,WiFi no funciona,Cambio de flex,2023-03-04 16:14:00
Motorola,Moto G9,No reconoce SIM,Reemplazo de módulo,2024-07-23 00:36:00
Oppo,A57,Sonido bajo,Reparación de placa,2023-03-21 16:43:00
Sony,Xperia 10,Se calienta,Reparación de placa,2023-04-17 01:03:00
Huawei,Y7,Cámara falla,Soldadura puntual,2024-09-24 10:02:00
Oppo,A15,Pantalla rota,Cambio de batería,2023-11-07 14:53:00
Huawei,P30,Batería no carga,Reemplazo de módulo,2023-02-28 15:49:00
Huawei,P30,Pantalla rota,Reparación de placa,2024-09-01 20:53:00
Sony,Xperia 5,Se reinicia solo,Reparación de placa,2023-06-17 02:15:00
Oppo,Reno 5,Se reinicia solo,Cambio de pantalla,2024-08-05 07:27:00
Apple,iPhone 8,WiFi no funciona,Reparación de placa,2024-02-25 10:02:00
Xiaomi,Redmi 10,No enciende,Limpieza de puerto,2024-10-27 04:45:00
Oppo,Reno 6,Pantalla rota,Actualización de software,2024-10-22 12:21:00
Apple,iPhone 14,No enciende,Reemplazo de módulo,2024-06-17 21:06:00
Motorola,Moto G30,Sonido bajo,Soldadura puntual,2024-03-11 21:46:00
Motorola,Moto E6,Pantalla rota,Cambio de flex,2023-07-23 21:00:00
Sony,Xperia 10,Se calienta,Soldadura puntual,2024-08-20 09:50:00
Huawei,P30,Se reinicia solo,Reemplazo de módulo,2023-05-04 16:50:00
Oppo,A15,No vibra,Limpieza de puerto,2024-05-08 17:56:00
Oppo,A57,Sonido bajo,Cambio de pantalla,2023-04-07 02:38:00
Samsung,S22,No enciende,Cambio de pantalla,2024-01-13 16:35:00
Huawei,P20,Sonido bajo,Revisión completa,2023-01-22 22:40:00
Nokia,2.1,Se calienta,Reemplazo de módulo,2024-06-25 19:55:00
Xiaomi,Redmi 10,Se reinicia solo,Revisión completa,2023-09-21 02:51:00
Oppo,A57,WiFi no funciona,Revisión completa,2024-04-13 01:44:00
Xiaomi,Redmi 10,Se reinicia solo,Cambio de flex,2023-03-02 21:54:00
Huawei,P30,Pantalla rota,Reemplazo de módulo,2023-05-19 02:18:00
Xiaomi,Redmi 10,WiFi no funciona,Revisión completa,2023-07-18 18:26:00
Huawei,Y7,No reconoce SIM,Limpieza de puerto,2023-09-30 20:27:00
Nokia,3.2,WiFi no funciona,Cambio de flex,2024-08-15 18:08:00
Apple,iPhone 14,No reconoce SIM,Cambio de flex,2023-02-02 21:37:00
Huawei,P40,Cámara falla,Cambio de batería,2024-01-01 01:12:00
Oppo,Reno 6,Pantalla rota,Cambio de pantalla,2024-11-30 07:29:00
Nokia,5.3,Se calienta,Reemplazo de módulo,2024-04-03 06:15:00
Xiaomi,Poco X3,Sonido bajo,Cambio de pantalla,2023-10-06 12:15:00
Nokia,7.2,Cámara falla,Limpieza de puerto,2023-12-20 18:52:00
Sony,Xperia 5,No reconoce SIM,Revisión completa,2024-05-27 17:55:00
Sony,Xperia 5,No reconoce SIM,Cambio de pantalla,2023-03-12 04:08:00
Motorola,Moto E6,WiFi no funciona,Cambio de flex,2024-02-13 22:03:00
Xiaomi,Redmi 10,Cámara falla,Reparación de placa,2024-11-23 10:55:00
Oppo,Reno 5,No enciende,Cambio de flex,2023-05-27 14:51:00
Huawei,P30,Pantalla rota,Cambio de flex,2023-01-07 13:21:00
Nokia,7.2,WiFi no funciona,Cambio de pantalla,2024-10-10 04:57:00
Nokia,5.3,Cámara falla,Reparación de placa,2024-03-01 18:41:00
Apple,iPhone 13,No vibra,Reemplazo de módulo,2023-01-13 05:30:00
Oppo,A15,No vibra,Reparación de placa,2023-08-02 17:33:00
Xiaomi,Redmi 10,No vibra,Reparación de placa,2023-06-04 22:22:00
Oppo,A54,Pantalla rota,Cambio de flex,2024-03-05 02:24:00
Motorola,Moto G9,No vibra,Reemplazo de módulo,2024-10-11 10:07:00
Huawei,Y9,No reconoce SIM,Reparación de placa,2023-03-28 08:55:00
Apple,iPhone 11,No reconoce SIM,Reparación de placa,2024-07-13 20:06:00
Oppo,Reno 6,Se reinicia solo,Actualización de software,2023-09-10 14:10:00
Huawei,Y9,Se reinicia solo,Soldadura puntual,2023-09-26 20:31:00
Motorola,Moto G7,Se reinicia solo,Cambio de batería,2023-04-01 00:29:00
Oppo,Reno 6,Se calienta,Soldadura puntual,2023-01-13 01:40:00
Oppo,Reno 5,No reconoce SIM,Limpieza de puerto,2023-10-30 07:56:00
Sony,Xperia L3,WiFi no funciona,Cambio de pantalla,2024-10-27 01:37:00
Oppo,A15,No reconoce SIM,Soldadura puntual,2023-10-25 07:11:00
Motorola,Moto G9,No reconoce SIM,Reparación de placa,2024-01-09 15:25:00
Xiaomi,Mi 11,Se reinicia solo,Soldadura puntual,2024-08-14 16:31:00
Sony,Xperia 5,Se calienta,Limpieza de puerto,2023-10-06 04:12:00
Samsung,A30,Batería no carga,Actualización de software,2023-01-22 06:21:00
Huawei,P20,No reconoce SIM,Cambio de flex,2023-11-20 18:42:00
Oppo,Reno 5,No enciende,Cambio de flex,2023-09-05 13:29:00
Apple,iPhone 13,No enciende,Limpieza de puerto,2024-04-07 10:47:00
Apple,iPhone 11,No reconoce SIM,Actualización de software,2023-12-09 13:29:00
Apple,iPhone X,WiFi no funciona,Cambio de batería,2024-11-15 19:31:00
Xiaomi,Redmi 9,WiFi no funciona,Reemplazo de módulo,2023-12-21 16:58:00
Nokia,6.1,No enciende,Cambio de flex,2024-03-30 18:54:00
Samsung,M12,Batería no carga,Cambio de pantalla,2024-06-27 17:17:00
Apple,iPhone 13,Batería no carga,Cambio de pantalla,2023-10-17 09:59:00
Nokia,3.2,Sonido bajo,Soldadura puntual,2023-05-16 11:57:00
Huawei,P20,WiFi no funciona,Revisión completa,2024-08-01 17:23:00
Oppo,A57,Pantalla rota,Soldadura puntual,2024-03-06 13:28:00
Nokia,7.2,No reconoce SIM,Reparación de placa,2024-08-14 05:07:00
Apple,iPhone 12,No reconoce SIM,Reemplazo de módulo,2024-06-18 23:33:00
Oppo,A15,Se reinicia solo,Cambio de pantalla,2024-01-19 18:07:00
Samsung,A20,No vibra,Revisión completa,2024-03-15 05:22:00
Sony,Xperia 5,Pantalla rota,Cambio de flex,2024-05-14 14:41:00
Sony,Xperia 10,No vibra,Actualización de software,2024-06-18 17:08:00
Huawei,P40,Se reinicia solo,Reemplazo de módulo,2023-09-09 01:44:00
Xiaomi,Poco M4,Batería no carga,Limpieza de puerto,2023-10-31 16:00:00
Samsung,M12,Se calienta,Reemplazo de módulo,2023-05-06 20:34:00
Samsung,J7,Sonido bajo,Reparación de placa,2024-09-13 07:05:00
Nokia,2.1,Batería no carga,Reemplazo de módulo,2024-04-14 22:14:00
Huawei,P20,Batería no carga,Cambio de pantalla,2023-08-30 04:57:00
Oppo,A15,No enciende,Reparación de placa,2024-10-22 22:41:00
Samsung,S22,Pantalla rota,Cambio de pantalla,2024-07-31 12:44:00
Apple,iPhone 8,Batería no carga,Revisión completa,2023-06-10 20:00:00
Xiaomi,Poco M4,WiFi no funciona,Cambio de batería,2024-12-01 23:41:00
Nokia,5.3,Se reinicia solo,Limpieza de puerto,2023-07-27 02:19:00
Apple,iPhone 14,Se calienta,Reparación de placa,2024-10-28 07:40:00
Motorola,Moto G30,Se reinicia solo,Cambio de flex,2023-01-23 05:32:00
Xiaomi,Mi 11,No reconoce SIM,Revisión completa,2024-03-23 11:21:00
Sony,Xperia 5,Pantalla rota,Cambio de flex,2024-02-07 21:13:00
Huawei,Y7,Batería no carga,Soldadura puntual,2024-10-09 08:25:00
Huawei,Y9,Se reinicia solo,Soldadura puntual,2024-10-10 01:21:00
Huawei,Y7,Se calienta,Revisión completa,2024-06-29 22:27:00
Apple,iPhone 12,Se calienta,Cambio de batería,2024-08-31 10:39:00
Apple,iPhone 11,Pantalla rota,Cambio de flex,2023-08-04 14:21:00
Sony,Xperia 5,Sonido bajo,Reemplazo de módulo,2023-07-29 00:20:00
Apple,iPhone 11,Batería no carga,Reemplazo de módulo,2024-09-02 16:55:00
Sony,Xperia 10,WiFi no funciona,Reemplazo de módulo,2024-03-10 02:46:00
Sony,Xperia L3,Cámara falla,Cambio de batería,2023-02-12 07:38:00
Huawei,Y7,No enciende,Cambio de batería,2023-12-28 06:33:00
Nokia,3.2,Cámara falla,Limpieza de puerto,2024-11-13 20:32:00
Samsung,A10,Cámara falla,Cambio de batería,2024-11-24 02:19:00
Sony,Xperia 10,No vibra,Revisión completa,2023-04-21 18:17:00
Samsung,A10,No enciende,Reemplazo de módulo,2024-11-28 14:08:00
Sony,Xperia 5,Batería no carga,Limpieza de puerto,2024-10-30 04:50:00
Oppo,Reno 5,No enciende,Reparación de placa,2024-08-27 02:31:00
Huawei,P20,No reconoce SIM,Actualización de software,2023-08-28 14:13:00
Motorola,Moto G8,Sonido bajo,Reemplazo de módulo,2024-07-11 08:32:00
Huawei,Y7,Cámara falla,Cambio de batería,2024-01-18 18:49:00
Samsung,A10,WiFi no funciona,Reemplazo de módulo,2024-10-26 20:47:00
Oppo,A54,No reconoce SIM,Reparación de placa,2023-12-14 07:33:00
Sony,Xperia L3,Se calienta,Revisión completa,2023-09-04 07:29:00
Xiaomi,Mi 11,Se calienta,Actualización de software,2023-01-20 18:16:00
Nokia,5.3,No reconoce SIM,Actualización de software,2023-11-11 12:16:00
Nokia,7.2,Pantalla rota,Actualización de software,2024-02-13 16:01:00
Apple,iPhone X,Batería no carga,Revisión completa,2024-06-28 01:12:00
Xiaomi,Poco M4,WiFi no funciona,Limpieza de puerto,2023-06-30 15:00:00
Sony,Xperia 1,Sonido bajo,Cambio de pantalla,2024-08-08 22:38:00
Sony,Xperia 10,Se reinicia solo,Reemplazo de módulo,2024-09-01 20:22:00
Oppo,A15,Se reinicia solo,Cambio de flex,2023-12-26 23:03:00
Huawei,P30,No enciende,Cambio de pantalla,2024-06-16 14:52:00
Samsung,A20,No reconoce SIM,Cambio de batería,2023-07-27 23:42:00
Motorola,Moto G30,No vibra,Reemplazo de módulo,2024-02-10 14:41:00
Huawei,P20,Se calienta,Cambio de pantalla,2024-05-23 13:05:00
Huawei,Y7,Conector de carga,Cambiar el conector de carga,2025-12-09 17:04:41
